<?xml version="1.0" encoding="UTF-8"?>
<addon id="peripheral.steamcontroller" version="0.10.0.102" name="Steam controller driver" provider-name="Team-Kodi">
  <requires>
    <import addon="kodi.binary.global.main" version="1.0.13"/>
    <import addon="kodi.binary.instance.peripheral" version="1.3.7"/>
  </requires>
  <extension point="kodi.peripheral" provides_joysticks="true" provides_buttonmaps="false" library_linux="peripheral.steamcontroller.so.0.10.0"/>
  <extension point="xbmc.addon.metadata">
    <summary lang="en">Steam controller driver</summary>
    <description lang="en">This driver enables input from the Steam controller. It is a work-in-progress, and controllers do not work yet.</description>
    <platform>linux</platform>
    <nofanart>true</nofanart>
  </extension>
</addon>
