<?xml version="1.0" encoding="UTF-8" standalone="yes"?>
<addon id="tools.ffmpeg-tools"
       name="FFmpeg Tools"
       version="9.1.103"
       provider-name="Team LibreELEC">
  <requires>
    <import addon="os.libreelec.tv" version="9.1"/>
    <import addon="xbmc.python" version="2.1.0"/>

  </requires>
  <extension point="xbmc.python.script" library="default.py">
    <provides></provides>
  </extension>
  <extension point="xbmc.addon.metadata">
    <summary>FFmpeg binary for transcoding and audio/video manipulating.</summary>
    <description>
ffmpeg-tools (autogenerated)
    </description>
    <disclaimer>

    </disclaimer>
    <platform>all</platform>
    <news>
103
- Update AV1 to 20181002
- Update FFmpeg to 4.0.2
- Update X264 to 20181001

102
- Rename binary to ffmpeg (no ffmpegx anymore)
- Update AV1 to 96ee0eb
- Update FFmpeg to 4.0.1
- Update X264 to 20180627
- Update X265 to 2.8

101
- Update to FFmpeg 4.0
- Added AV1 codec

100
- Initial release
    </news>
    <assets>
      <icon>resources/icon.png</icon>
      <fanart>resources/fanart.png</fanart>

    </assets>
  </extension>
</addon>
