<?xml version="1.0" encoding="UTF-8"?>
<addon id="screensaver.kmscube" version="1.0.0.1" name="kmscube" provider-name="lrusak">
  <requires>
    <import addon="kodi.binary.global.main" version="1.0.13"/>
    <import addon="kodi.binary.instance.screensaver" version="2.0.0"/>
  </requires>
  <extension point="xbmc.ui.screensaver" library_linux="screensaver.kmscube.so.1.0.0"/>
  <extension point="xbmc.addon.metadata">
    <summary>kmscube screensaver</summary>
    <description>kmscube screensaver</description>
    <platform>linux</platform>
  </extension>
</addon>
