<?xml version="1.0" encoding="UTF-8" standalone="yes"?>
<addon id="service.softcam.oscam"
       name="OSCam"
       version="9.1.106"
       provider-name="Team LibreELEC">
  <requires>
    <import addon="os.libreelec.tv" version="9.1"/>
    <import addon="xbmc.python" version="2.1.0"/>

  </requires>
  <extension point="xbmc.service" library="default.py">
    <provides></provides>
  </extension>
  <extension point="xbmc.addon.metadata">
    <summary>OSCam: an Open Source Conditional Access Modul</summary>
    <description>
OSCam(11431) is a software to be used to decrypt digital television channels, as an alternative for a conditional access module.
    </description>
    <disclaimer>

    </disclaimer>
    <platform>all</platform>
    <news>
106
- update OScam to 11431

105
- update OScam to 11420
- add SSL support

104
- update OSCam to 11391

103
- update OSCam to 11350

102
- fix the delayed start workaround

101
- update OSCam to 11233
- fix the WeTek_Play problems

100
- Update for LibreELEC 8.0
    </news>
    <assets>
      <icon>resources/icon.png</icon>
      <fanart>resources/fanart.png</fanart>

    </assets>
  </extension>
</addon>
